id,username,created_at,lng,lat,text
1.51736E+18,csimanauthor,Fri Apr 22 04:17:14 +0000 2022,-116.3613195,43.6918465,"@DangoBooksP üìöAtlas must find his father, but a powerful evil threatens his quest. With the help of his foster sibl‚Ä¶ https://t.co/4JM8zdJfIo"
1.51736E+18,BlueChele,Fri Apr 22 04:17:18 +0000 2022,-120.882482,47.273022,@GOPLeader You‚Äôre unAmerican.
1.51736E+18,cathiebun,Fri Apr 22 04:17:21 +0000 2022,-117.0226945,38.502147,@MrWuggums @KelliDa80763885 Circull da globe!! #chilltent
1.51736E+18,csimanauthor,Fri Apr 22 04:17:24 +0000 2022,-116.3613195,43.6918465,"@Depressedpoet12 üìöAtlas must find his father, but a powerful evil threatens his quest. With the help of his foster‚Ä¶ https://t.co/E2yPVUADnI"
1.51736E+18,belladevil,Fri Apr 22 04:17:26 +0000 2022,-122.93553,45.530779,"@GVAJr77 It sure does not, sir."
1.51736E+18,ARTICANNABELLUM,Fri Apr 22 04:17:28 +0000 2022,-123.1224015,44.065621,BERKOWITZ THOUGHT DEMOCRACY WAS THE RICH TAXING POOR PEOPLE LIKE ME. DEMOCRACY IS WHEN THE RACKEETEERING SCHEMES‚Ä¶ https://t.co/MszVn3AcP1
1.51736E+18,FearlessMooky,Fri Apr 22 04:17:29 +0000 2022,-117.0226945,38.502147,"@WhoisVindictive Lol nothing super bad, she was upset about doing paper work again and said ‚Äúagain I already did it‚Ä¶ https://t.co/s7knA8YHfx"
1.51736E+18,denisepraill,Fri Apr 22 04:17:31 +0000 2022,-123.123581,49.257639,@BenWilsonThings Paint that!
1.51736E+18,Carlosito20_,Fri Apr 22 04:17:32 +0000 2022,-122.630908,45.536402,@mitskiismymum Im literally eating a spicy mcchicken ü§™
1.51736E+18,jericollage70,Fri Apr 22 04:17:36 +0000 2022,-122.3306025,47.614817,@SoCassandra You're welcome! Hope you had an awesome birthday!
1.51736E+18,Artist_trip1,Fri Apr 22 04:17:37 +0000 2022,-123.123581,49.257639,Drop your unsold #NFT üì∏
1.51736E+18,BlueChele,Fri Apr 22 04:17:39 +0000 2022,-120.882482,47.273022,@GOPLeader Putin paying you? Traitor
1.51736E+18,missalexia__,Fri Apr 22 04:17:39 +0000 2022,-117.434547,47.667438,It‚Äôs my laundry unit being across the hall for me
1.51736E+18,BLeeLoganberg,Fri Apr 22 04:17:41 +0000 2022,-123.123581,49.257639,"@fife_benjamin Three kitty overlords in this fourth floor castle, no moat...."
1.51736E+18,jaredsmk6,Fri Apr 22 04:17:42 +0000 2022,-122.6020595,45.413492,@tina_smithh He losesüòÇüò≠
1.51736E+18,Lancele350,Fri Apr 22 04:17:44 +0000 2022,-122.506779,47.157103,Announcement About For My YouTube Channel https://t.co/cxpN3tXk7g
1.51736E+18,Chasekdillon,Fri Apr 22 04:17:45 +0000 2022,-120.5834015,44.1454365,Photovision has all portra speeds in stock pull up on the best lab around for your film rn
1.51736E+18,Feddersticks,Fri Apr 22 04:17:47 +0000 2022,-122.332436,47.59141,Excited for the press club next season.
1.51736E+18,OnTheRo07579342,Fri Apr 22 04:17:48 +0000 2022,-122.2740545,47.905972,"@MelanieMoore @MrJonCryer And most will not accept the fact that they would have followed Hitler, even though they are."
1.51736E+18,TheyCallHimJC,Fri Apr 22 04:17:52 +0000 2022,-122.603,45.6337,"@outsideinpdx ‚ù§Ô∏è @ Vancouver, Washington https://t.co/QJ2tDQVNWp"
1.51736E+18,jr1970vintage,Fri Apr 22 04:17:55 +0000 2022,-123.421838,48.5819835,"@dude_ab1ded DO NOT chop them! You can‚Äôt actually eat the lemongrass, it‚Äôs just for flavour. Buy a bottle of Wild G‚Ä¶ https://t.co/DFDyggko2q"
1.51736E+18,froggienana,Fri Apr 22 04:17:58 +0000 2022,-122.2317885,47.9599495,@MaryBlyeKramer More like beaten.
1.51736E+18,Devinlycreature,Fri Apr 22 04:17:58 +0000 2022,-117.0226945,38.502147,@Cyndifferous @Coheed It's funny that I made this meme a few weeks ago https://t.co/4C0QOut0o8
1.51736E+18,dewansandy,Fri Apr 22 04:18:00 +0000 2022,-119.3066075,37.2691755,@KingIbo01784308 @black_wolf_8 Seriously?!?!?!
1.51736E+18,Don_K_Williams,Fri Apr 22 04:18:04 +0000 2022,-119.3066075,37.2691755,"@jc_playmakerWNY Dunno. I know for a fact that Rosters have players coming from other sources, we represent quite a‚Ä¶ https://t.co/mKHgfyOq7Y"
1.51736E+18,blake_sharpe,Fri Apr 22 04:18:11 +0000 2022,-119.4568255,49.8991485,An older kid really showed me dubstep in 2010 and I just never quit huh
1.51736E+18,movieposterguy,Fri Apr 22 04:18:17 +0000 2022,-119.3066075,37.2691755,@jaros428 It‚Äôs so cringe.
1.51736E+18,hardlee73,Fri Apr 22 04:18:20 +0000 2022,-122.630908,45.536402,@ChuckCallesto Them darned Clintons https://t.co/R2k7BT6Dkm
1.51736E+18,BlueChele,Fri Apr 22 04:18:21 +0000 2022,-120.882482,47.273022,@CheriJacobus @Lee_in_Iowa Not a clown car.
1.51736E+18,MattHarsoccer6,Fri Apr 22 04:18:29 +0000 2022,-122.149397,47.8627655,@wjh1481 Bomb diggity!
1.51736E+18,SjvTesla,Fri Apr 22 04:18:30 +0000 2022,-114.1432625,45.4945515,@ironmanrs4me @teslaownersSV Put it on the form lol
1.51736E+18,Feddersticks,Fri Apr 22 04:18:31 +0000 2022,-122.332436,47.59141,Those behind home plate views from the press club are going to be chefs üë®‚Äçüç≥ kiss üòò
1.51736E+18,ScrewballSq,Fri Apr 22 04:18:36 +0000 2022,-117.0226945,38.502147,"@jordanw_s Emil‚Äôs pretty cool, but I am not recognizing any East Coast &gt; Best Coast talk."
1.51736E+18,MWash90,Fri Apr 22 04:18:37 +0000 2022,-118.3210685,46.0646405,The flavor of Fruit Stripe gum lasts longer than CNN+
1.51736E+18,TiffRichElliott,Fri Apr 22 04:18:37 +0000 2022,-122.1660035,47.180856,https://t.co/EeHu3KHNo2I want a mic.
1.51736E+18,SSFCFOTY13,Fri Apr 22 04:18:39 +0000 2022,-122.3306025,47.614817,‚ÄúStaffing issues‚Äù is doublespeak for regulations eased and no one wore masks and our staff got covid. Great job we‚Äôre doing here
1.51736E+18,taylordavisco,Fri Apr 22 04:18:41 +0000 2022,-122.630908,45.536402,"@photobyantho i‚Äôm available for contract, hmu if you want my day rates"
1.51736E+18,cryybabyalex,Fri Apr 22 04:18:46 +0000 2022,-119.3066075,37.2691755,The new new ‚ù§Ô∏è‚Äçüî•‚ù§Ô∏è‚Äçüî• @thekidlaroi  https://t.co/q7aLoVglMM
1.51736E+18,ZackDavisson,Fri Apr 22 04:18:47 +0000 2022,-122.3306025,47.614817,@chrisross @Manruss I'd go one the flotilla but only if they served the tuna burgers from the old Captain Hook's pirate ship restaurant.
1.51736E+18,TravisMayfield,Fri Apr 22 04:18:50 +0000 2022,-122.3306025,47.614817,@msdodgrblu Are they alive?!
1.51736E+18,taylordavisco,Fri Apr 22 04:18:57 +0000 2022,-122.630908,45.536402,@jacobetovar ima drop em to you everyday i‚Äôm flexin
1.51736E+18,JakeDuarte43,Fri Apr 22 04:19:09 +0000 2022,-119.3066075,37.2691755,@boogiesurf13 @FredDoughty2 Like Ace Rothstein. üòÇ
1.51736E+18,billinitup1,Fri Apr 22 04:19:11 +0000 2022,-122.3306025,47.614817,I don‚Äôt need to bet that @RepMTG will plead the fifth tomorrow. #guiltyaf #lockherup https://t.co/ZXOCDn4nMA
1.51736E+18,JLJensen8,Fri Apr 22 04:19:13 +0000 2022,-123.321857,42.429316,@JackPosobiec You're so full of sh$t it's coming out of your mouth.
1.51736E+18,ThrottleJockey6,Fri Apr 22 04:19:13 +0000 2022,-122.194398,47.481598,@scottibo2 @Sentens2TheOars Great point. The villages has a similar arrangement if I understand correctly. We know‚Ä¶ https://t.co/bB4siU8hXV
1.51736E+18,flowerfairypnw,Fri Apr 22 04:19:17 +0000 2022,-122.630908,45.536402,people who hate on subtronics confuse tf out of me
1.51736E+18,ColverErnie,Fri Apr 22 04:19:17 +0000 2022,-114.465155,42.561255,"@bourbonX_ada @ewarren Probably, she writes books and is very good with finances."
1.51736E+18,cathiebun,Fri Apr 22 04:19:18 +0000 2022,-117.0226945,38.502147,@AutumnDragons @NMmusicjunkie Gud! Ise will hab da itinerary all planned owt! Talk tomorrow! Mom is pulling da fone‚Ä¶ https://t.co/NfDpyUu9Py
1.51736E+18,William13839663,Fri Apr 22 04:19:19 +0000 2022,-120.846825,44.307668,Hugeeee !!  Cmon !!
1.51736E+18,ARTICANNABELLUM,Fri Apr 22 04:19:22 +0000 2022,-123.1224015,44.065621,BERKOWITZ CHEWED THROUGH HIS VICTIMS PRIVATE MONEY WITH EASE THEN CHOKED WHEN HE CHEWED THROUGH MY RUSSIAN GOVERNMENT FUNDED MILITARY VALOR
1.51736E+18,Grecia_White,Fri Apr 22 04:19:28 +0000 2022,-122.630908,45.536402,okay i know yall are proly sick of me by now but look what my hostel has!! (and it was pretty affordable actually)‚Ä¶ https://t.co/TycqaUYiPI
1.51736E+18,angusmaude,Fri Apr 22 04:19:31 +0000 2022,-123.123581,49.257639,‚ÄúMOONLIGHT SHOW‚Äù out nowhttps://t.co/mOOicvdOcy
1.51736E+18,Drain_001,Fri Apr 22 04:19:33 +0000 2022,-122.3669741,47.51351351,"By an odd coincidence, I'm at a roller rink with a bar. Floor's not as smooth as Hall C though, cheers #PAXEast :) https://t.co/G2ed29TwfQ"
1.51736E+18,taylordavisco,Fri Apr 22 04:19:33 +0000 2022,-122.630908,45.536402,@jacobetovar i‚Äôm concerned about your caffeine intake brother
1.51736E+18,dewansandy,Fri Apr 22 04:19:35 +0000 2022,-119.3066075,37.2691755,@7Priya_cute Where can I watch it?
1.51736E+18,BhaveshChauhan,Fri Apr 22 04:19:38 +0000 2022,-123.0761023,49.27769024,"I'm at Off The Rail Brewing Co in Vancouver, British Columbia https://t.co/ohTjXRAzg1"
1.51736E+18,BLeeLoganberg,Fri Apr 22 04:19:49 +0000 2022,-123.123581,49.257639,@gscucci They‚Äôre better with pictures since they don‚Äôt read so well... https://t.co/xG3mS2EhpE
1.51736E+18,MWash90,Fri Apr 22 04:19:51 +0000 2022,-118.3210685,46.0646405,The Fyre Festival lasted longer than CNN+
1.51736E+18,mercy_egirl,Fri Apr 22 04:19:53 +0000 2022,-122.6647545,47.74764,"Can we never forget this happened: 5,000 to 1‚Ä¶ https://t.co/vi9z7YnVUs"
1.51736E+18,ProfRabbit334,Fri Apr 22 04:19:59 +0000 2022,-122.5889745,45.630589,@dontdoitadam And sometime....even green grapes too
1.51736E+18,Don_K_Williams,Fri Apr 22 04:20:03 +0000 2022,-119.3066075,37.2691755,"@jc_playmakerWNY But yes, I do know some NCAA coaches who only recruited ECNL (and now perhaps GAL) thankfully not‚Ä¶ https://t.co/k8xhUFnMQd"
1.51736E+18,JcDinkens,Fri Apr 22 04:20:04 +0000 2022,-122.3306025,47.614817,@emeriticus Why do you hate freedom?
1.51736E+18,BurnerDff,Fri Apr 22 04:20:08 +0000 2022,-122.3306025,47.614817,@ostat10 @DaneMooreNBA I get that Towns didnt score well on his 8 points of 4 shots. But he played very very well.‚Ä¶ https://t.co/qUMPnlUcLc
1.51736E+18,SjvTesla,Fri Apr 22 04:20:19 +0000 2022,-114.1432625,45.4945515,@RyanZohoury Maybe
1.51736E+18,dontfukwitmeh,Fri Apr 22 04:20:21 +0000 2022,-123.191617,45.212448,"@DrydenNovelette @micheleforfl I was actually planning to take my Grankidsto Florida, to actually go to Disney worl‚Ä¶ https://t.co/3bpHCxVDSG"
1.51736E+18,kencf0618,Fri Apr 22 04:20:22 +0000 2022,-116.238001,43.598033,@SeanRMoorhead Dal√≠ was fond of a similar blossom. (I wonder what the honey tastes like?)
1.51736E+18,MM_Elian,Fri Apr 22 04:20:23 +0000 2022,-122.93553,45.530779,@Abdusebur üòÇ cheering for Minnesotan teams is painful.
1.51736E+18,flowerfairypnw,Fri Apr 22 04:20:23 +0000 2022,-122.630908,45.536402,@Knishkabob Honestly he‚Äôs probably going to a dope hot spring tomorrow there‚Äôs tons in the area. There‚Äôs always an‚Ä¶ https://t.co/Wj7pFvRohb
1.51736E+18,vibronet,Fri Apr 22 04:20:24 +0000 2022,-122.061771,47.6788125,"@rodelmo Oh no, I almost never add extra stuff (like Germans do when they turn ‚Äúwhatever‚Äù into ‚Äúwhatsoever‚Äù). I us‚Ä¶ https://t.co/oOVFaurgEM"
1.51736E+18,DaGr8Brendinni,Fri Apr 22 04:20:25 +0000 2022,-120.882482,47.273022,@cripixtoff I love owls. Great horned in a barn. https://t.co/8FnHCQk8zg
1.51736E+18,KENxLUSHH,Fri Apr 22 04:20:29 +0000 2022,-117.0226945,38.502147,These must be the same winds in Vegas that took Dorothy to Oz cause ‚Ä¶
1.51736E+18,DamonMotzStorey,Fri Apr 22 04:20:29 +0000 2022,-122.630908,45.536402,@eattedwheeler @JH4PDX @ajforportland you still don't have to!!
1.51736E+18,OnTheRo07579342,Fri Apr 22 04:20:30 +0000 2022,-122.2740545,47.905972,"@Sky_Lee_1 @BillyBaldwin She was bad 20 years ago and is terrible now, a Putin Puppet, just like tRump."
1.51736E+18,PenelopeLashone,Fri Apr 22 04:20:37 +0000 2022,-121.9674683,38.28751134,Just posted a photo @ One Lake https://t.co/jEqeRFMb9x
1.51736E+18,VancouverEye,Fri Apr 22 04:20:42 +0000 2022,-123.1308365,49.1742415,All our heroes and heroines! Mabuhay!
1.51736E+18,YosephLv426,Fri Apr 22 04:20:45 +0000 2022,-119.3066075,37.2691755,@canadianbxtchxo sorry but I'm not stopping
1.51736E+18,buntin_jake,Fri Apr 22 04:20:48 +0000 2022,-122.6020595,45.413492,@MUTality7 Mood https://t.co/bQe7Rcldct
1.51736E+18,RathNatasatch,Fri Apr 22 04:20:50 +0000 2022,-114.1432625,45.4945515,"Dude it's cool, it's a pentacle not a pentagram. They're different things with different purposes and uses. A penta‚Ä¶ https://t.co/q39Jqem0Uv"
1.51736E+18,Lindsay_McGill,Fri Apr 22 04:20:51 +0000 2022,-123.123581,49.257639,@Clensr They are nasty lawyers when this is done they just tried to bring down the most likeable man.
1.51736E+18,GeorgioBust,Fri Apr 22 04:20:51 +0000 2022,-122.8574755,45.145269,@ESCFuture TNT was shitting on them lmao
1.51736E+18,gavindew,Fri Apr 22 04:20:53 +0000 2022,-123.123581,49.257639,Great to catch up with friends in the business community at the @BoardofTrade Governors‚Äô Gala and Rix Awards for Co‚Ä¶ https://t.co/3R9uPNoZTV
1.51736E+18,ScrewballSq,Fri Apr 22 04:20:54 +0000 2022,-117.0226945,38.502147,"@bagelmonger @jordanw_s We never subjected the wrestling world to Charles Mason, much less bet on him for coast superiority."
1.51736E+18,maiab,Fri Apr 22 04:20:59 +0000 2022,-120.882482,47.273022,@terronk can‚Äôt believe you didn‚Äôt come say hi
1.51736E+18,NFT_Art_BC,Fri Apr 22 04:21:01 +0000 2022,-123.3583795,48.4267305,"GM Mushrooms! üåû If you want to learn about the NFT industry, you need to watch Brett's latest video! üßê This Shroomi‚Ä¶ https://t.co/If8Pautky7"
1.51736E+18,ShivanBoodoo,Fri Apr 22 04:21:11 +0000 2022,-124.3876335,49.368562,@shell_yeg Thanks.  Here is another one of my favorites.. https://t.co/0Xg7KyzvnU
1.51736E+18,andysaultz,Fri Apr 22 04:21:11 +0000 2022,-122.795782,45.533126,@JamieforOregon is üíØ can‚Äôt wait until she is in Congress. @ORDems
1.51736E+18,jawafawa,Fri Apr 22 04:21:12 +0000 2022,-122.1607675,47.4506245,"@chartier67 I count 4, 3 of which should not be said in polite company."
1.51736E+18,cindyjoy_3,Fri Apr 22 04:21:13 +0000 2022,-120.5834015,44.1454365,@celinedion Wanted to send you a private message but unsure if that‚Äôs possible.   I wanted to talk to you about‚Ä¶ https://t.co/weupw3qv8A
1.51736E+18,Brad604,Fri Apr 22 04:21:14 +0000 2022,-123.123581,49.257639,@jayakerley @weathernetwork @accuweather @jwhittalTWN @50ShadesofVan @ensembleator Damnit. Tomorrow is the USA run. Well for mail.
1.51736E+18,VancouverEye,Fri Apr 22 04:21:36 +0000 2022,-123.1308365,49.1742415,Angel Locsin too.
1.51736E+18,GatherTheSenses,Fri Apr 22 04:21:37 +0000 2022,-123.1224015,44.065621,"There really are no words.At the very least, if a child has supposedly been abused in such a way, why on earth wo‚Ä¶ https://t.co/kDrMnvKuv4"
1.51736E+18,AnnaleiseClaire,Fri Apr 22 04:21:44 +0000 2022,-119.3066075,37.2691755,I‚Äôve never had anyone know exactly what I‚Äôm thinking 24/7 like Alex does. Astrology is real
1.51736E+18,206_a1,Fri Apr 22 04:21:46 +0000 2022,-122.3306025,47.614817,"‚ÄúWhen you‚Äôre rich, they need you.‚Äù#seethrough @ShakirSooBased üî• üîÇ"
1.51736E+18,Lindsay_McGill,Fri Apr 22 04:21:51 +0000 2022,-123.123581,49.257639,@april1088 Bringing up ugly things of his past too‚Ä¶ being d*ckheads
1.51736E+18,kingoenglan1,Fri Apr 22 04:21:51 +0000 2022,-123.126272,49.279429,@isaguor I don't understand the question. due to contextual differences.
1.51736E+18,ScriptedAlchemy,Fri Apr 22 04:21:54 +0000 2022,-122.192819,47.8130155,After like 2 years of hating next-routes. Im so thrilled that ive finally been able to gut the custom routing from‚Ä¶ https://t.co/Ov5C8PPQ6c
1.51736E+18,VincentMGee,Fri Apr 22 04:21:57 +0000 2022,-119.3066075,37.2691755,@Lex_Albrecht Negative. 2 rows behind exit row. :-(
1.51736E+18,MWash90,Fri Apr 22 04:21:59 +0000 2022,-118.3210685,46.0646405,Apollo Creed lasted longer against Ivan Drago than CNN+
1.51736E+18,SyedAsadHu,Fri Apr 22 04:22:03 +0000 2022,-122.818486,49.111519,@NasirShahOffice @BBhuttoZardari @BakhtawarBZ @AseefaBZ Sindhis need to wake up against these corrupt Sindhi wadera‚Ä¶ https://t.co/VZwY5F9MwY
1.51736E+18,jesse_anthony8,Fri Apr 22 04:22:06 +0000 2022,-122.3306025,47.614817,"Just finished @EliteNetflix , 5 seasons! So sad hate the ending! ü•π"
1.51736E+18,kohidave,Fri Apr 22 04:22:07 +0000 2022,-122.3306025,47.614817,@JesseBearden Yea the principal track is brutal. Especially given how often it‚Äôs dependent on reinvent delivery (in‚Ä¶ https://t.co/LX4OBJOxd7
1.51736E+18,aloofloofredux,Fri Apr 22 04:22:12 +0000 2022,-122.3306025,47.614817,why is pop culture suddenly getting more trad huh
1.51736E+18,TradeshowGuy,Fri Apr 22 04:22:13 +0000 2022,-123.029015,44.935084,@sara_carrion_ Close
1.51736E+18,joemoraaa,Fri Apr 22 04:22:22 +0000 2022,-122.6538985,47.106486,I would come back sick asfuck.
1.51736E+18,WhistlerHeidi,Fri Apr 22 04:22:26 +0000 2022,-123.007705,50.101247,Loving these! üòÇ#cdnpoli
1.51736E+18,dewansandy,Fri Apr 22 04:22:35 +0000 2022,-119.3066075,37.2691755,Guys don‚Äôt believe Anjali again and fall in the trap. She will keep playing with Munawar‚Äôs feelings but I don‚Äôt und‚Ä¶ https://t.co/SS5kRB5k9I
1.51736E+18,HkSpanke59,Fri Apr 22 04:22:38 +0000 2022,-123.029015,44.935084,@SindaFukinRella That's an idea...ü§î
1.51736E+18,LouRaquel,Fri Apr 22 04:22:39 +0000 2022,-122.8718135,45.491334,my favorite human ü§çü•π
1.51736E+18,Feddersticks,Fri Apr 22 04:22:42 +0000 2022,-122.332436,47.59141,The miles are getting longer it seems. The closer I get to you. The lyric that is stuck in my head while I‚Äôm watching the mariners game.
1.51736E+18,ARTICANNABELLUM,Fri Apr 22 04:22:44 +0000 2022,-123.1224015,44.065621,BEFORE BERKOWITZ BEGAN CHEWING THROUGH REDCROSS HAZMAT REMEADIATION SYSTEMS HE WAS RUNNING SLAVE TRAFFICKING OPERAT‚Ä¶ https://t.co/VGEV7YwIP6
1.51736E+18,RudolphTheGrey1,Fri Apr 22 04:22:44 +0000 2022,-122.304396,47.660382,"I don't ever have to see you again, you are weak to me, #foxnews #mexicanarmy @mexico @spain @colombia #cnt #russia‚Ä¶ https://t.co/tdYe5CHPlp"
1.51736E+18,herlihy_f,Fri Apr 22 04:22:52 +0000 2022,-122.630908,45.536402,The Florida Teen Activists Leading the Fight Against ‚ÄúDon‚Äôt Say Gay‚Äù https://t.co/GhE4cNox1j
1.51736E+18,BondGirls143,Fri Apr 22 04:22:52 +0000 2022,-120.5834015,44.1454365,But he wrote a shitty book so he shouldn't have to sit in prison with all the other murdering writers.
1.51736E+18,scottyjones,Fri Apr 22 04:22:55 +0000 2022,-119.3066075,37.2691755,@michaeljrhodes I think it is John Barclay that a lot of those burdens in the early church were financial burdens.
1.51736E+18,PaulDoroshenko,Fri Apr 22 04:22:56 +0000 2022,-123.123581,49.257639,@robyncrawford_ Dang. Call @erikmagraken for the injury. VanCity Autobody on Kingsway has done great paint and body‚Ä¶ https://t.co/uy77xHgUJc
1.51736E+18,vibronet,Fri Apr 22 04:22:58 +0000 2022,-122.061771,47.6788125,@rodelmo Ha! Spanish is a cognitive trap for me‚Ä¶ it‚Äôs too close to Italian to put real effort in learning it (‚ÄúI un‚Ä¶ https://t.co/GHnqtMvZdE
1.51736E+18,pdxpolicelog,Fri Apr 22 04:23:01 +0000 2022,-122.60246,45.523598,"DISTURBANCE - PRIORITY at 0 NE 60TH AVE, PORT [Portland Police #PP22000106010] 21:13 #pdx911"
1.51736E+18,oldmanboj,Fri Apr 22 04:23:06 +0000 2022,-119.5661345,49.4896195,@MrAhmednurAli You drive a diesel don't you
1.51736E+18,Remy_Chefx,Fri Apr 22 04:23:11 +0000 2022,-117.1542695,46.730822,Im 21 and I‚Äôm drunk!!
1.51736E+18,Whitneyruth_,Fri Apr 22 04:23:14 +0000 2022,-122.3306025,47.614817,Sakura-con last Weekend was lit! üî•Waiting for 2 years and finally being able to go was totally worth it. Here‚Äôs my‚Ä¶ https://t.co/z5Neox4TDE
1.51736E+18,HATAND1962,Fri Apr 22 04:23:14 +0000 2022,-119.3066075,37.2691755,"@keithboykin @claycane I think the SS bill was for everyone in US at that time, and if I‚Äôm not mistaken US was a ma‚Ä¶ https://t.co/yik2a9MgUZ"
1.51736E+18,_JoeSeppi,Fri Apr 22 04:23:14 +0000 2022,-116.653188,43.6439045,"So what I enjoy doing most, is setting my alarm, then waking up every few hours throughout the night and attempt to‚Ä¶ https://t.co/Zxvg53tIoQ"
1.51736E+18,BurnerDff,Fri Apr 22 04:23:21 +0000 2022,-122.3306025,47.614817,"@ostat10 @DaneMooreNBA To answer your question, no we didn't. I watch wolves seeing opportunity and understanding t‚Ä¶ https://t.co/ufYoQAABcc"
1.51736E+18,larryphotonic,Fri Apr 22 04:23:21 +0000 2022,-119.3066075,37.2691755,@LyricsMcCartney Your the best
1.51736E+18,Bellizer,Fri Apr 22 04:23:30 +0000 2022,-123.029015,44.935084,Some dudes are the worst. This guy hmu cuz he saw I‚Äôm all depressed and said ‚Äúdon‚Äôt be sad. I love your titties.‚Äù L‚Ä¶ https://t.co/kNyVLKF5kV
1.51736E+18,ScrewballSq,Fri Apr 22 04:23:34 +0000 2022,-117.0226945,38.502147,"First: WCW Nitro in 1999, the one with the KISS concert.Last: @GCWrestling_ Paranoia two weeks ago.Next: Most l‚Ä¶ https://t.co/ezepwRjEhw"
1.51736E+18,eltimrazz,Fri Apr 22 04:23:36 +0000 2022,-122.818486,49.111519,The world has become a really strange place to live in
1.51736E+18,TomHilts,Fri Apr 22 04:23:40 +0000 2022,-122.332981,47.590938,Back to Back @TMobilePark @Mariners V @Rangers https://t.co/z8MtHrSUwD
1.51736E+18,ReeseTheHeathen,Fri Apr 22 04:23:43 +0000 2022,-122.4294405,47.139885,Aye @Loopgang206 cursed me out last night. I needed it.
1.51736E+18,terronk,Fri Apr 22 04:23:45 +0000 2022,-122.2964885,47.442583,@maiab Don‚Äôt you live like way outside Seattle?
1.51736E+18,Verticalviking,Fri Apr 22 04:23:46 +0000 2022,-122.3308,47.6046,"Just posted a photo @ Seattle, Washington https://t.co/SgLrC4mHRi"
1.51736E+18,cathiebun,Fri Apr 22 04:23:49 +0000 2022,-117.0226945,38.502147,"Ise laffing soez hard a hairball jumped owt! Well, da old woman‚Ä¶ sorry, mom. Da most beyootiful mom in da werld say‚Ä¶ https://t.co/VTevu87bTe"
1.51736E+18,SyedAsadHu,Fri Apr 22 04:23:49 +0000 2022,-122.818486,49.111519,@NasirShahOffice @BBhuttoZardari @BakhtawarBZ @AseefaBZ @MediaCellPPP Haha. What a chacha culture.  Only üòÄBilawal vision?
1.51736E+18,Annatheotherone,Fri Apr 22 04:23:49 +0000 2022,-123.1224015,44.065621,@skitdonaldtrump @wrongmarianne @Agatha__X That was pure Twitter love I read in your threat to Frankenstein Monster‚Ä¶ https://t.co/crIe8fsjyY
1.51736E+18,McneilWebster,Fri Apr 22 04:23:50 +0000 2022,-122.3001295,47.827984,JULIO RODRIGUEZ. THIS. IS. YOUR. MOMENTTTTTTTTTTTTT. RIGHT HERE RIGHT NOW. SOLID CONTACT. LFG JROD https://t.co/Iv1E1XvNjY
1.51736E+18,BrewingEchoes,Fri Apr 22 04:23:52 +0000 2022,-122.6572616,47.74298711,"Join us Friday, 4/22/22 with @keepitsauced and @montagnemontage  for great food and live music#echoesbrewing‚Ä¶ https://t.co/Q2oqc9MjCt"
1.51736E+18,OttawaWrh,Fri Apr 22 04:23:54 +0000 2022,-123.070225,49.3156065,"@MaximeBernier Reduce immigration now. You are right Max, he is a slippery con man."
1.51736E+18,jacksonclarke32,Fri Apr 22 04:23:59 +0000 2022,-122.795782,45.533126,@BeNice04150212 @PapaGareBear503 @fox12oregon Trump is much better don't kid yourself
1.51736E+18,HkSpanke59,Fri Apr 22 04:24:06 +0000 2022,-123.029015,44.935084,@melinda_wvu I am so sorry for your loss.
1.51736E+18,JoforOregon,Fri Apr 22 04:24:08 +0000 2022,-121.311582,44.059938,This is a huge problem. I live in that red swath through the middle of the state. There are an untold amount of peo‚Ä¶ https://t.co/pURimfkAf1
1.51736E+18,YosephLv426,Fri Apr 22 04:24:10 +0000 2022,-119.3066075,37.2691755,@juda1313 where is this?!? I suddenly feel I must relocate as creepy as I am...I might fit in there
1.51736E+18,SjvTesla,Fri Apr 22 04:24:12 +0000 2022,-114.1432625,45.4945515,@omead @RyanZohoury You're gonna make Q3/Q4 amazing!
1.51736E+18,SKCFDispatches,Fri Apr 22 04:24:15 +0000 2022,-122.1794844,47.41793574,"üöë ü©∫DISPATCH: Medical Aid - Advanced Life Support @ 20523 122ND PL SE, KENT.Responding Dept: KentUnit(s): E377,‚Ä¶ https://t.co/kVIcgsbexU"
1.51736E+18,_JoeSeppi,Fri Apr 22 04:24:15 +0000 2022,-116.653188,43.6439045,@taylorbjones_ Facts
1.51736E+18,Hannahweberrrr,Fri Apr 22 04:24:17 +0000 2022,-119.292934,45.8445685,my dentist told me tooth gems r ok btw
1.51736E+18,Chasekdillon,Fri Apr 22 04:24:19 +0000 2022,-120.5834015,44.1454365,@taylordavisco deleted. You right theyll sell out plug or no plugüòÇ
1.51736E+18,dolari,Fri Apr 22 04:24:19 +0000 2022,-121.966606,47.7363335,The first two weeks of April was all about Star Trek and Scriptwriting and the last two weeks are all about boobs a‚Ä¶ https://t.co/jQ89eR7Iio
1.51736E+18,lfoquet,Fri Apr 22 04:24:21 +0000 2022,-122.8718135,45.491334,"First time to a restaurant with the baby. Margaritas üçπ for us, virgin white Russian for her. https://t.co/ymQ7zezcJk"
1.51736E+18,angiewa,Fri Apr 22 04:24:22 +0000 2022,-122.7676415,45.4970715,Send me money because I'm interesting? Just throwing it out there ü§™ Venmo: angiemariedreams@gmail.com Cashap: $angiewasuicide
1.51736E+18,chrisalecanada,Fri Apr 22 04:24:29 +0000 2022,-124.807192,49.243086,"@tpholmes @dewolfe001 I get it. However, I do take serious issue with being equated with self-proclaimed Jew haters‚Ä¶ https://t.co/2lI3apSk12"
1.51736E+18,sallycarr3ra,Fri Apr 22 04:24:32 +0000 2022,-122.061771,47.6788125,@beanstalklover I‚Äôm here for it!
1.51736E+18,RhettNFL,Fri Apr 22 04:24:35 +0000 2022,-119.3066075,37.2691755,"Way to work, @Hawk !!"
1.51736E+18,ToddWalker__,Fri Apr 22 04:24:39 +0000 2022,-122.061771,47.6788125,@GregSeek1st @TravisMayfield I definitely had a ‚ÄúGigaPet‚Ä¶‚Äù
1.51736E+18,CleverJamComms,Fri Apr 22 04:24:43 +0000 2022,-122.3306025,47.614817,#TBT One of my first interviews as USA Ambassador Ms. 2021 with @HolidayTraeanna at @WWConverge . I was proud to br‚Ä¶ https://t.co/I7aRSy8EvF
1.51736E+18,Hannahweberrrr,Fri Apr 22 04:24:45 +0000 2022,-119.292934,45.8445685,@Paul_Jameson7 @heyashyyyy from 700 miles away üòê i‚Äôm bouta go steal the boat and daniel
1.51736E+18,Intheflow69,Fri Apr 22 04:24:48 +0000 2022,-119.3066075,37.2691755,"@PalmerReport Oh yes Palmer they will be wild!  Read you every day, always go away with more insight and, yes I wil‚Ä¶ https://t.co/FFqO8TYyGy"
1.51736E+18,MWash90,Fri Apr 22 04:24:49 +0000 2022,-118.3210685,46.0646405,The gunfight at the OK Corral lasted longer than CNN+
1.51736E+18,OttawaWrh,Fri Apr 22 04:24:56 +0000 2022,-123.070225,49.3156065,"@theJagmeetSingh Reduce immigration immediately to 100,000. Take real action."
1.51736E+18,tommyunger,Fri Apr 22 04:24:56 +0000 2022,-122.3306025,47.614817,@JamiePastore9 Working another angle with a nnealing can‚Äôt bring it together.
1.51736E+18,VancouverEye,Fri Apr 22 04:25:02 +0000 2022,-123.1308365,49.1742415,@CPTheFanchise What PGs can do.
1.51736E+18,theshaunbarrett,Fri Apr 22 04:25:03 +0000 2022,-122.8061705,45.399465,@Mattjohn007 Something with peasants in the name.
1.51736E+18,aloofloofredux,Fri Apr 22 04:25:08 +0000 2022,-122.3306025,47.614817,pls make the synchronicities stop :/ https://t.co/hyneL8rv4G
1.51736E+18,mcbrinton,Fri Apr 22 04:25:13 +0000 2022,-122.03655,47.61567,"When you get a #pedicure, let your kid pick the color and then let your nail person go wild with some #flowers. And‚Ä¶ https://t.co/YzCycRUHov"
1.51736E+18,jawhileonard,Fri Apr 22 04:25:17 +0000 2022,-122.630908,45.536402,Yeah you gotta leave Utah bruh @spidadmitchell
1.51736E+18,NFT_Art_BC,Fri Apr 22 04:25:17 +0000 2022,-123.3583795,48.4267305,@angadbsodhi @shailpik @coi_nft @ompsyram @ManishMandhyan @bombaymalayali @rakesh_pulapa Beautiful!
1.51736E+18,tijaz1,Fri Apr 22 04:25:21 +0000 2022,-123.934998,49.1745345,Keep it up. Inspiring.
1.51736E+18,ohmalarkie1,Fri Apr 22 04:25:25 +0000 2022,-122.3306025,47.614817,Auston Matthews nowhere to be found. It really was a playoff preview.
1.51736E+18,lallixmtz,Fri Apr 22 04:25:28 +0000 2022,-120.5297595,46.5942225,This is only the beginning ü´∂üèªü´∂üèª @Yahritza_YSE @mandito1029 üî•üî• https://t.co/JJVzu211ON
1.51736E+18,ARTICANNABELLUM,Fri Apr 22 04:25:29 +0000 2022,-123.1224015,44.065621,BERKOWITZ THEFT OF REDCROSS COMPUTERS WAS HOW BILL GATES GOT STARTED COUNTERFITTING MILITARY EQUIPMENT TO SELL ON T‚Ä¶ https://t.co/a89XIgW7ID
1.51736E+18,theshaunbarrett,Fri Apr 22 04:25:30 +0000 2022,-122.8061705,45.399465,@tycope82 Snowfall?
1.51736E+18,Zogalaz,Fri Apr 22 04:25:32 +0000 2022,-119.3066075,37.2691755,@RonFilipkowski What an evil man this ass hole tucker is https://t.co/ATo87FxWrI
1.51736E+18,SjvTesla,Fri Apr 22 04:25:35 +0000 2022,-114.1432625,45.4945515,@WholeMarsBlog @RealDanODowd Lol... he won't use this... it's too good
1.51736E+18,SKCFDispatches,Fri Apr 22 04:25:39 +0000 2022,-122.2279745,47.4694817,"üëÉ üßêDISPATCH: Interior Odor Investigation @ 805 SW 10TH ST, RENTON.Responding Dept: RentonUnit(s): HM314I, HM314‚Ä¶ https://t.co/iKYcbNuT4p"
1.51736E+18,larryphotonic,Fri Apr 22 04:25:40 +0000 2022,-119.3066075,37.2691755,@mmpadellan Perfect threescore.
1.51736E+18,TysonWJBrown,Fri Apr 22 04:25:46 +0000 2022,-122.2670745,49.0869965,@Unyshek Imagine the gameplay potential if desync and shot registration issues were fixed!No matter how low the p‚Ä¶ https://t.co/T6PlxbRmTJ
1.51736E+18,ICC_99,Fri Apr 22 04:25:49 +0000 2022,-122.2405945,47.853083,Lol it‚Äôs just comical at this point
1.51736E+18,oldmanboj,Fri Apr 22 04:25:49 +0000 2022,-119.5661345,49.4896195,@jjhorgan Can the people afford the rent / or cost of the condo
1.51736E+18,therealdevin17,Fri Apr 22 04:25:52 +0000 2022,-119.2796615,46.2581775,Gotta swing kid!
1.51736E+18,AiJustTweet,Fri Apr 22 04:25:52 +0000 2022,-122.311821,48.41812,üìç Little Zigzag Falls @ Mt Hood National Forest https://t.co/83Tf3uT9nY
1.51736E+18,seattlekim,Fri Apr 22 04:25:56 +0000 2022,-122.3306025,47.614817,@bonnevivante I haven‚Äôt heard of Zaditor!
1.51736E+18,ellyse_noel,Fri Apr 22 04:25:58 +0000 2022,-122.3306025,47.614817,@MarinerMuse Not the first night I‚Äôve thought it‚Ä¶ he could do good getting some ABs in AAA
1.51736E+18,travis_norman,Fri Apr 22 04:25:58 +0000 2022,-117.0226945,38.502147,"@benbatemanmedia @SeanFennessey Came here to say All the Presidents Men, but I‚Äôm glad you already have it down.Th‚Ä¶ https://t.co/jhycXgTrV5"
1.51736E+18,_JoeSeppi,Fri Apr 22 04:26:01 +0000 2022,-116.653188,43.6439045,@BeaneaterB I‚Äôm being set up
1.51736E+18,Grampahockey1,Fri Apr 22 04:26:03 +0000 2022,-125.015003,50.668497,Moon Marstion
1.51736E+18,pbconstant,Fri Apr 22 04:26:04 +0000 2022,-123.029015,44.935084,@mode_moz I can‚Äôt vote more than once No fair!
1.51736E+18,gramsdidit,Fri Apr 22 04:26:05 +0000 2022,-123.3583795,48.4267305,@raven50mm @slice__so wait so this can work after the fact?
1.51736E+18,oyrech,Fri Apr 22 04:26:11 +0000 2022,-122.630908,45.536402,@SuzeQKnits Glad you‚Äôre feeling better and had an easy ‚Äúre-entry!‚Äù
1.51736E+18,WRyan69,Fri Apr 22 04:26:16 +0000 2022,-122.31344,47.3857525,Robo Umps please! this getting ridiculous
1.51736E+18,BLeeLoganberg,Fri Apr 22 04:26:16 +0000 2022,-123.123581,49.257639,@SANJOSEMAILMAN Biscuit has a lot of patience... time for you to sit on the couch so there is space for Biscuit on‚Ä¶ https://t.co/bRh8OErpob
1.51736E+18,skotterbutt,Fri Apr 22 04:26:17 +0000 2022,-122.288472,47.7551725,@offleashsynth @Nican Huff
1.51736E+18,ste_speed,Fri Apr 22 04:26:21 +0000 2022,-122.818486,49.111519,@SugarBearGumy @Baker153Baker @MadonnaNationX @Madonna @thechrisfinch @RoyalCaribbean No that was Felix Howard
1.51736E+18,jordanarnold,Fri Apr 22 04:26:21 +0000 2022,-120.882482,47.273022,Umps to Julio https://t.co/a2U4QPcABu
1.51736E+18,ReeseTheHeathen,Fri Apr 22 04:26:22 +0000 2022,-122.4294405,47.139885,Iggy ran back the clock.
1.51736E+18,PhilMixter,Fri Apr 22 04:26:23 +0000 2022,-117.1542695,46.730822,@WSUvetmed celebration tonight included vistas I haven‚Äôt seen for a pandemic! https://t.co/MN3SoiidrI
1.51736E+18,RudolphTheGrey1,Fri Apr 22 04:26:23 +0000 2022,-122.304396,47.660382,"This time I shall never love you again, #foxnews #mexicanarmy @mexico @spain @colombia #russia #kgb #cnt https://t.co/HOBvzQokGj"
1.51736E+18,pservati,Fri Apr 22 04:26:26 +0000 2022,-123.123581,49.257639,@Farshchi That‚Äôs a big thing on the horizon!
1.51736E+18,PattyHeath_,Fri Apr 22 04:26:26 +0000 2022,-122.149768,47.5978565,What an absolute joke.
1.51736E+18,ThrottleJockey6,Fri Apr 22 04:26:29 +0000 2022,-122.194398,47.481598,@Softykjr Did he just get robbed again on a bad pitch caked strike?
1.51736E+18,Erostree,Fri Apr 22 04:26:30 +0000 2022,-122.2964885,47.442583,Dear @pennjillette here is a tribute to your friend Gilberthttps://t.co/ijleMgCQ9c
1.51736E+18,missalexia__,Fri Apr 22 04:26:33 +0000 2022,-117.434547,47.667438,"Thisss I am done trying , been letting love find me lately"
1.51736E+18,dbm422,Fri Apr 22 04:26:34 +0000 2022,-122.5899815,47.5344225,"@fromlos @galleg000s @rolymir3 @borikwaa @sands111111 Not for me but of you like it, I'm sure my wife would say it taste pretty good"
1.51736E+18,OttawaWrh,Fri Apr 22 04:26:37 +0000 2022,-123.070225,49.3156065,@AZ_Brittney You must have a mental health problem. Should have stayed and got the help you desperately need
1.51736E+18,TooSphexy,Fri Apr 22 04:26:37 +0000 2022,-119.3066075,37.2691755,This is the peak of art
1.51736E+18,SeatownNerd,Fri Apr 22 04:26:48 +0000 2022,-122.061771,47.6788125,@T1GGoddiva @CARNAGENOVA1 It's a tricky world out there. I pray for everyone. We all go to through some strife. Not everyone deserves it.
1.51736E+18,seattlekim,Fri Apr 22 04:26:48 +0000 2022,-122.3306025,47.614817,@flamingpholder Oh my! Sounds like so much work!
1.51736E+18,jefcuraz,Fri Apr 22 04:26:49 +0000 2022,-123.929885,46.1611755,@foofighters we are all thinking of you‚Ä¶
1.51736E+18,CHawksRun,Fri Apr 22 04:26:54 +0000 2022,-122.8316065,45.4156855,"@lofiprogressive @awelab1956 @NYMag Yes, but those are undergrad woman many who have yet to find their voice, still‚Ä¶ https://t.co/oXrYV9KFYI"
1.51736E+18,ThePantieChrist,Fri Apr 22 04:26:54 +0000 2022,-117.0226945,38.502147,Fuck. https://t.co/0ULJhA9fhy
1.51736E+18,WildishGambino,Fri Apr 22 04:26:55 +0000 2022,-117.0226945,38.502147,Averaged a quiet 20 this year. Almost 40% from the 3
1.51736E+18,therealdevin17,Fri Apr 22 04:26:56 +0000 2022,-119.2796615,46.2581775,Good fucking lord these umpires have been atrocious!!!
1.51736E+18,BurnerDff,Fri Apr 22 04:26:56 +0000 2022,-122.3306025,47.614817,Saving timeouts for a potential late play vs righting the shop after giving up 10+ straight points is something req‚Ä¶ https://t.co/6IGTRS3ere
1.51736E+18,206_a1,Fri Apr 22 04:26:57 +0000 2022,-122.3306025,47.614817,24 pts rn !! https://t.co/YKLq23zvkA
1.51736E+18,everyEarthquake,Fri Apr 22 04:26:59 +0000 2022,-117.8321686,36.0698318,"USGS reports a M1.02 earthquake, 11km ENE of Coso Junction, CA on 4/22/22 @ 4:23:41 UTC https://t.co/or0mIKOHoS #earthquake"
1.51736E+18,pdxpolicelog,Fri Apr 22 04:27:01 +0000 2022,-122.689311,45.503937,"VEHICLE STOLEN - COLD at 900 SW BROADWAY DR, PORT [Portland Police #PP22000105958] 20:24 #pdx911"
1.51736E+18,pdxpolicelog,Fri Apr 22 04:27:01 +0000 2022,-122.556584,45.573631,"THREAT - PRIORITY at 10200 NE CASCADES PKWY, PORT [Portland Police #PP22000105982] 20:21 #pdx911"
1.51736E+18,JoseDanielEspa5,Fri Apr 22 04:27:01 +0000 2022,-119.3066075,37.2691755,"@hiNmightydodger You're right, I would never want to be caught in that crowd; That would be embarrassing. Although,‚Ä¶ https://t.co/asuyzWocb7"
1.51736E+18,dbm422,Fri Apr 22 04:27:04 +0000 2022,-122.5899815,47.5344225,@sands111111 @fromlos @galleg000s @rolymir3 @borikwaa Shut up riverside
1.51736E+18,Skinny_Black009,Fri Apr 22 04:27:05 +0000 2022,-122.5889745,45.630589,How!!? Lol
1.51736E+18,ConradDJosephLG,Fri Apr 22 04:27:06 +0000 2022,-123.123581,49.257639,"@Nobellicose For one thing, I didn‚Äôt want to be used as a weapon &amp; the other thing is that after a game concussion‚Ä¶ https://t.co/JOAVqRuLbW"
1.51736E+18,vickyfloresn,Fri Apr 22 04:27:07 +0000 2022,-122.3306025,47.614817,This Abercrombie &amp; Fitch documentary is wild. Not sure how to feel that the CEO was an alum from my alma mater‚Ä¶
